frames,donor,acceptor,FRET,idealized FRET,molecule_number,treatment_name,repeat,unique_id,dwell_steady_state,dwell,frame_length,transition_point,transition_dwell,FRET_before,FRET_after,consec
416,2131.528,3109.22,0.593278,0.598154,158,01_Native,1.0,158_01_Native_1.0,8,3,987,True,72.0,0.452367,0.598154,True
526,1613.474,3750.265,0.699189,0.651086,211,01_Native,1.0,211_01_Native_1.0,16,118,673,True,53.0,0.489192,0.651086,True
352,2402.597,3542.006,0.595836,0.572362,226,01_Native,1.0,226_01_Native_1.0,9,3,707,True,54.0,0.420118,0.572362,True
107,5121.902,6277.195,0.550675,0.598921,104,02_Misfolded,1.0,104_02_Misfolded_1.0,5,19,623,True,62.0,0.422985,0.598921,True
541,1573.72,4653.158,0.74727,0.687561,32,03_A8A2,2.0,032_03_A8A2_2.0,10,31,575,True,250.0,0.027447,0.687561,True
123,5341.506,6352.963,0.543245,0.509859,61,03_A8A2,2.0,061_03_A8A2_2.0,2,59,215,True,122.0,0.195167,0.509859,True
260,1225.833,3375.48,0.733591,0.714276,206,03_A8A2,2.0,206_03_A8A2_2.0,9,15,816,True,73.0,0.493722,0.714276,True
321,17606.499,19809.348,0.529437,0.545731,213,03_A8A2,2.0,213_03_A8A2_2.0,8,57,540,True,130.0,0.265001,0.545731,True
124,2531.62,3746.818,0.596775,0.60182,94,04_A8B1,1.0,094_04_A8B1_1.0,6,31,632,True,57.0,0.473114,0.60182,True
116,2991.69,3687.288,0.552074,0.574067,111,04_A8B1,1.0,111_04_A8B1_1.0,2,76,261,True,115.0,0.435662,0.574067,True
371,1287.41,4882.716,0.791348,0.7659,167,04_A8B1,1.0,167_04_A8B1_1.0,8,10,771,True,160.0,0.4315,0.7659,True
293,2052.696,3139.775,0.604678,0.593983,276,04_A8B1,1.0,276_04_A8B1_1.0,10,6,844,True,57.0,0.427116,0.593983,True
701,2516.774,3301.164,0.567411,0.593983,276,04_A8B1,1.0,276_04_A8B1_1.0,23,6,844,True,60.0,0.427116,0.593983,True
107,1432.016,2616.853,0.646317,0.614707,277,04_A8B1,1.0,277_04_A8B1_1.0,3,5,1185,True,51.0,0.490173,0.614707,True
368,1222.177,3797.704,0.756533,0.731418,353,04_A8B1,1.0,353_04_A8B1_1.0,4,19,876,True,172.0,0.094832,0.731418,True
205,1831.017,3780.94,0.673729,0.506315,356,04_A8B1,1.0,356_04_A8B1_1.0,4,6,701,True,60.0,0.085106,0.506315,True
335,2564.699,7514.063,0.745534,0.640025,389,04_A8B1,1.0,389_04_A8B1_1.0,4,6,377,True,319.0,0.437733,0.640025,True
978,4238.959,3368.292,0.442774,0.514112,403,04_A8B1,1.0,403_04_A8B1_1.0,17,67,1201,True,109.0,0.328527,0.514112,True
404,2547.818,4992.0,0.662085,0.718066,420,04_A8B1,1.0,420_04_A8B1_1.0,11,41,476,True,65.0,0.430896,0.718066,True
300,3019.085,5167.344,0.631209,0.605844,459,04_A8B1,1.0,459_04_A8B1_1.0,3,162,674,True,182.0,0.495543,0.605844,True
309,3039.955,4491.221,0.596351,0.56356,464,04_A8B1,1.0,464_04_A8B1_1.0,7,4,682,True,117.0,0.310205,0.56356,True
270,2815.004,6890.867,0.709969,0.663358,2,01_Native,1.0,002_01_Native_1.0,4,94,416,True,161.0,0.494094,0.663358,False
160,3730.554,4633.219,0.553963,0.562755,22,01_Native,1.0,022_01_Native_1.0,5,62,403,True,79.0,0.410772,0.562755,False
391,3480.471,4974.287,0.588342,0.568876,72,01_Native,1.0,072_01_Native_1.0,3,18,520,True,176.0,0.471405,0.568876,False
403,3941.654,4259.682,0.519389,0.558506,106,01_Native,1.0,106_01_Native_1.0,4,22,621,True,171.0,0.435745,0.558506,False
677,1872.705,5981.1,0.761554,0.830867,158,01_Native,1.0,158_01_Native_1.0,16,68,987,True,61.0,0.452367,0.830867,False
339,2762.834,5953.618,0.683032,0.648753,182,01_Native,1.0,182_01_Native_1.0,2,33,455,True,338.0,0.484341,0.648753,False
436,5173.85,5395.893,0.510504,0.55344,187,01_Native,1.0,187_01_Native_1.0,7,9,444,True,155.0,0.461543,0.55344,False
169,3795.546,4760.008,0.556365,0.617139,191,01_Native,1.0,191_01_Native_1.0,3,68,409,True,142.0,0.466548,0.617139,False
83,3201.077,4135.916,0.563707,0.583139,197,01_Native,1.0,197_01_Native_1.0,2,138,339,True,82.0,0.448268,0.583139,False
188,3066.368,5453.296,0.640083,0.706176,220,01_Native,1.0,220_01_Native_1.0,3,19,459,True,176.0,0.434847,0.706176,False
192,3751.873,6663.831,0.639787,0.682618,224,01_Native,1.0,224_01_Native_1.0,3,167,535,True,95.0,0.454705,0.682618,False
421,3218.968,7249.764,0.692516,0.682618,224,01_Native,1.0,224_01_Native_1.0,5,6,535,True,62.0,0.454705,0.682618,False
1338,2067.749,2335.28,0.53038,0.57664,229,01_Native,1.0,229_01_Native_1.0,21,36,1528,True,266.0,0.465866,0.57664,False
1490,1733.063,2938.492,0.629018,0.57664,229,01_Native,1.0,229_01_Native_1.0,23,39,1528,True,116.0,0.465866,0.57664,False
191,3798.772,5361.28,0.585289,0.622164,243,01_Native,1.0,243_01_Native_1.0,3,24,507,True,70.0,0.485481,0.622164,False
281,3004.991,5641.998,0.652481,0.622164,243,01_Native,1.0,243_01_Native_1.0,5,35,507,True,66.0,0.485481,0.622164,False
383,3720.172,4780.066,0.562345,0.622164,243,01_Native,1.0,243_01_Native_1.0,7,114,507,True,67.0,0.485481,0.622164,False
69,4087.167,6062.189,0.597298,0.604763,317,01_Native,1.0,317_01_Native_1.0,2,324,393,True,68.0,0.479708,0.604763,False
73,4344.686,9449.019,0.685024,0.680196,22,02_Misfolded,1.0,022_02_Misfolded_1.0,2,11,83,True,72.0,0.374304,0.680196,False
176,4724.153,7108.222,0.600743,0.693685,26,02_Misfolded,1.0,026_02_Misfolded_1.0,2,13,423,True,175.0,0.496787,0.693685,False
268,3722.202,7709.246,0.674389,0.693685,26,02_Misfolded,1.0,026_02_Misfolded_1.0,4,111,423,True,79.0,0.496787,0.693685,False
139,6063.29,9675.305,0.61475,0.688162,3,03_A8A2,1.0,003_03_A8A2_1.0,2,6,145,True,138.0,0.137065,0.688162,False
313,1469.268,23537.165,0.941244,1.01453,3,03_A8A2,2.0,003_03_A8A2_2.0,2,3,315,True,312.0,0.070007,1.01453,False
1718,5215.331,6526.801,0.555845,0.700356,4,03_A8A2,2.0,004_03_A8A2_2.0,16,5,1800,True,105.0,0.056018,0.700356,False
281,5016.045,6629.026,0.569256,0.611677,5,03_A8A2,2.0,005_03_A8A2_2.0,10,28,1360,True,142.0,0.49778,0.611677,False
1180,3948.385,8351.014,0.678977,0.611677,5,03_A8A2,2.0,005_03_A8A2_2.0,31,6,1360,True,238.0,0.06338,0.611677,False
1241,4675.597,7643.919,0.620472,0.611677,5,03_A8A2,2.0,005_03_A8A2_2.0,33,36,1360,True,55.0,0.49778,0.611677,False
82,3688.626,9881.153,0.728173,0.847251,7,03_A8A2,2.0,007_03_A8A2_2.0,2,1,465,True,81.0,0.090407,0.847251,False
200,2609.568,11623.094,0.816649,0.847251,7,03_A8A2,2.0,007_03_A8A2_2.0,4,6,465,True,117.0,0.090407,0.847251,False
408,1435.384,12124.471,0.894145,0.847251,7,03_A8A2,2.0,007_03_A8A2_2.0,6,58,465,True,202.0,0.090407,0.847251,False
1005,6193.401,10278.283,0.623997,0.91592,8,03_A8A2,1.0,008_03_A8A2_1.0,2,1,1005,True,1004.0,0.032284,0.91592,False
448,4947.841,10213.623,0.673657,0.90008,9,03_A8A2,1.0,009_03_A8A2_1.0,2,13,460,True,447.0,0.064032,0.90008,False
102,2221.58,10543.824,0.825969,0.907282,10,03_A8A2,1.0,010_03_A8A2_1.0,2,39,140,True,101.0,0.078018,0.907282,False
178,2153.391,11452.164,0.841727,0.692983,10,03_A8A2,2.0,010_03_A8A2_2.0,6,29,1455,True,104.0,0.072464,0.692983,False
306,13119.179,18901.657,0.590292,0.686648,12,03_A8A2,2.0,012_03_A8A2_2.0,2,5,310,True,305.0,0.131309,0.686648,False
159,1127.699,14645.847,0.928507,0.934017,13,03_A8A2,1.0,013_03_A8A2_1.0,2,27,185,True,158.0,0.086093,0.934017,False
958,5806.514,12889.083,0.689418,0.755481,13,03_A8A2,2.0,013_03_A8A2_2.0,13,5,975,True,51.0,0.277296,0.755481,False
275,4911.217,3781.067,0.434991,0.733156,14,03_A8A2,2.0,014_03_A8A2_2.0,2,6,280,True,274.0,0.073713,0.733156,False
500,2597.223,14973.589,0.852185,0.889428,17,03_A8A2,1.0,017_03_A8A2_1.0,2,36,535,True,499.0,0.056897,0.889428,False
183,2239.481,10645.835,0.826199,0.929983,21,03_A8A2,1.0,021_03_A8A2_1.0,2,11,285,True,182.0,0.047261,0.929983,False
366,2904.934,9133.515,0.758695,0.856097,24,03_A8A2,1.0,024_03_A8A2_1.0,2,10,375,True,365.0,0.069699,0.856097,False
232,6863.903,5474.061,0.443676,0.62294,26,03_A8A2,1.0,026_03_A8A2_1.0,3,19,250,True,197.0,0.252272,0.62294,False
395,5091.685,1730.955,0.253707,0.515241,28,03_A8A2,2.0,028_03_A8A2_2.0,2,47,615,True,394.0,0.038976,0.515241,False
586,5300.648,2452.885,0.316357,0.515241,28,03_A8A2,2.0,028_03_A8A2_2.0,4,30,615,True,144.0,0.038976,0.515241,False
1456,6129.217,6477.725,0.513822,0.578911,29,03_A8A2,1.0,029_03_A8A2_1.0,2,5,1460,True,1455.0,0.068436,0.578911,False
199,1632.547,13807.667,0.894267,0.900416,30,03_A8A2,1.0,030_03_A8A2_1.0,2,93,500,True,198.0,0.074435,0.900416,False
733,4558.123,5491.729,0.546449,0.592333,31,03_A8A2,1.0,031_03_A8A2_1.0,2,8,740,True,732.0,0.064272,0.592333,False
170,1140.923,6212.514,0.844845,0.687561,32,03_A8A2,2.0,032_03_A8A2_2.0,2,6,575,True,169.0,0.027447,0.687561,False
258,239.772,3557.591,0.936858,0.966732,32,03_A8A2,2.0,032_03_A8A2_2.0,4,1,575,True,82.0,0.027447,0.966732,False
878,1736.391,12083.603,0.874357,0.841247,35,03_A8A2,1.0,035_03_A8A2_1.0,4,18,895,True,373.0,0.047643,0.841247,False
140,5810.996,6748.548,0.537324,0.865811,35,03_A8A2,2.0,035_03_A8A2_2.0,2,4,580,True,139.0,0.17785,0.865811,False
545,1025.31,10247.629,0.909047,0.865811,35,03_A8A2,2.0,035_03_A8A2_2.0,4,15,580,True,401.0,0.17785,0.865811,False
352,6410.353,7750.788,0.547328,0.564361,36,03_A8A2,1.0,036_03_A8A2_1.0,7,49,400,True,60.0,0.286151,0.564361,False
286,2372.659,2603.947,0.523238,0.794596,36,03_A8A2,2.0,036_03_A8A2_2.0,2,7,424,True,284.0,0.024674,0.794596,False
401,1088.027,3921.541,0.78281,0.794596,36,03_A8A2,2.0,036_03_A8A2_2.0,8,25,424,True,86.0,0.024674,0.794596,False
1153,3677.844,11654.067,0.760118,0.853756,37,03_A8A2,1.0,037_03_A8A2_1.0,2,13,1165,True,1152.0,0.145198,0.853756,False
115,9044.668,5222.571,0.366053,0.631744,39,03_A8A2,1.0,039_03_A8A2_1.0,2,6,120,True,114.0,0.085543,0.631744,False
259,2814.171,5123.459,0.645465,0.606334,40,03_A8A2,2.0,040_03_A8A2_2.0,2,217,475,True,258.0,0.304275,0.606334,False
624,11703.164,2083.363,0.151116,0.507916,42,03_A8A2,2.0,042_03_A8A2_2.0,2,6,1025,True,623.0,-0.01027,0.507916,False
974,5166.499,10415.85,0.668439,0.507916,42,03_A8A2,2.0,042_03_A8A2_2.0,4,15,1025,True,344.0,-0.01027,0.507916,False
735,657.569,6826.117,0.912133,0.983338,43,03_A8A2,2.0,043_03_A8A2_2.0,3,1,735,True,728.0,0.122994,0.983338,False
618,425.43,10812.966,0.962145,0.973904,44,03_A8A2,1.0,044_03_A8A2_1.0,2,8,625,True,617.0,0.051824,0.973904,False
741,4944.027,3063.997,0.382616,0.545694,47,03_A8A2,2.0,047_03_A8A2_2.0,2,1,980,True,740.0,0.04001,0.545694,False
961,8276.308,2073.485,0.200341,0.545694,47,03_A8A2,2.0,047_03_A8A2_2.0,4,20,980,True,219.0,0.04001,0.545694,False
334,4790.666,8014.349,0.625876,0.643952,48,03_A8A2,1.0,048_03_A8A2_1.0,3,30,365,True,118.0,0.346469,0.643952,False
1048,5114.906,4249.442,0.453789,0.524638,50,03_A8A2,2.0,050_03_A8A2_2.0,19,10,1105,True,54.0,0.351258,0.524638,False
1300,4172.245,4793.733,0.534658,0.517292,51,03_A8A2,1.0,051_03_A8A2_1.0,2,16,1315,True,1299.0,0.086476,0.517292,False
107,1861.383,13892.976,0.88185,0.917214,51,03_A8A2,2.0,051_03_A8A2_2.0,2,9,115,True,106.0,0.065498,0.917214,False
70,886.308,11638.942,0.929238,1.119492,52,03_A8A2,2.0,052_03_A8A2_2.0,2,1,85,True,69.0,0.096857,1.119492,False
1365,960.453,6206.018,0.86598,1.00065,53,03_A8A2,1.0,053_03_A8A2_1.0,2,16,1380,True,1364.0,0.063216,1.00065,False
1257,1366.437,11031.342,0.889784,0.87082,53,03_A8A2,2.0,053_03_A8A2_2.0,2,24,1730,True,1256.0,0.042589,0.87082,False
216,10122.51,13309.556,0.568006,0.505856,54,03_A8A2,2.0,054_03_A8A2_2.0,3,25,365,True,207.0,0.188082,0.505856,False
791,3130.748,8227.359,0.72436,0.560586,55,03_A8A2,1.0,055_03_A8A2_1.0,12,28,950,True,60.0,0.292239,0.560586,False
185,3937.948,9682.526,0.71088,0.798851,56,03_A8A2,1.0,056_03_A8A2_1.0,2,26,210,True,184.0,0.212222,0.798851,False
200,2892.479,11301.9,0.796224,0.548763,57,03_A8A2,1.0,057_03_A8A2_1.0,2,21,330,True,199.0,0.069096,0.548763,False
793,9033.702,4137.764,0.314146,0.698253,58,03_A8A2,2.0,058_03_A8A2_2.0,2,3,1155,True,792.0,0.0865,0.698253,False
124,2297.554,10472.34,0.82008,0.776233,61,03_A8A2,1.0,061_03_A8A2_1.0,2,27,150,True,123.0,0.094296,0.776233,False
349,7278.759,8502.341,0.538767,0.712078,64,03_A8A2,1.0,064_03_A8A2_1.0,2,9,740,True,348.0,0.093885,0.712078,False
480,779.795,16152.47,0.953946,0.712078,64,03_A8A2,1.0,064_03_A8A2_1.0,4,21,740,True,122.0,0.093885,0.712078,False
684,9077.238,4909.944,0.351032,0.712078,64,03_A8A2,1.0,064_03_A8A2_1.0,6,2,740,True,183.0,0.093885,0.712078,False
205,5752.8,5429.558,0.485547,0.638677,67,03_A8A2,1.0,067_03_A8A2_1.0,2,10,625,True,204.0,0.086622,0.638677,False
433,6151.057,7024.193,0.533135,0.638677,67,03_A8A2,1.0,067_03_A8A2_1.0,4,4,625,True,218.0,0.086622,0.638677,False
602,2614.717,11041.693,0.808536,0.638677,67,03_A8A2,1.0,067_03_A8A2_1.0,6,23,625,True,165.0,0.086622,0.638677,False
504,1152.919,12861.453,0.917733,0.927436,68,03_A8A2,1.0,068_03_A8A2_1.0,2,32,535,True,503.0,0.073089,0.927436,False
111,7074.37,25938.051,0.785706,0.809155,69,03_A8A2,2.0,069_03_A8A2_2.0,2,5,115,True,110.0,0.067331,0.809155,False
407,1094.585,3613.94,0.767531,0.901104,70,03_A8A2,2.0,070_03_A8A2_2.0,13,27,432,True,56.0,0.078136,0.901104,False
57,909.266,4184.376,0.82149,0.655735,73,03_A8A2,1.0,073_03_A8A2_1.0,2,9,65,True,56.0,0.009539,0.655735,False
537,455.077,8665.611,0.950105,0.944073,73,03_A8A2,2.0,073_03_A8A2_2.0,2,8,545,True,536.0,0.033863,0.944073,False
837,4597.257,12866.973,0.736762,0.8799,74,03_A8A2,1.0,074_03_A8A2_1.0,2,9,845,True,836.0,0.03742,0.8799,False
103,2460.856,4727.958,0.657683,0.63807,75,03_A8A2,1.0,075_03_A8A2_1.0,2,13,150,True,102.0,0.395282,0.63807,False
199,5179.694,6235.24,0.546235,0.5049,76,03_A8A2,1.0,076_03_A8A2_1.0,2,17,315,True,198.0,0.076762,0.5049,False
158,7299.179,8874.448,0.548699,0.898876,77,03_A8A2,1.0,077_03_A8A2_1.0,2,8,165,True,157.0,0.089363,0.898876,False
1362,3695.092,4031.849,0.521791,0.696383,77,03_A8A2,2.0,077_03_A8A2_2.0,2,14,1375,True,1361.0,0.102189,0.696383,False
422,3893.518,3112.498,0.444261,0.64176,78,03_A8A2,1.0,078_03_A8A2_1.0,3,3,585,True,58.0,0.201921,0.64176,False
80,1070.398,12083.251,0.918623,0.871673,80,03_A8A2,1.0,080_03_A8A2_1.0,2,6,85,True,79.0,0.113692,0.871673,False
219,2318.238,4697.354,0.669559,0.655916,82,03_A8A2,1.0,082_03_A8A2_1.0,2,27,245,True,218.0,0.124595,0.655916,False
61,7652.878,7504.837,0.495117,0.534947,83,03_A8A2,2.0,083_03_A8A2_2.0,2,13,410,True,60.0,0.09857,0.534947,False
283,3924.394,9000.283,0.696364,0.783255,84,03_A8A2,1.0,084_03_A8A2_1.0,2,19,345,True,282.0,0.065536,0.783255,False
1057,8593.068,2621.848,0.233782,0.52234,84,03_A8A2,2.0,084_03_A8A2_2.0,4,54,1110,True,273.0,-0.010903,0.52234,False
622,858.159,8563.167,0.908913,0.870109,85,03_A8A2,1.0,085_03_A8A2_1.0,11,27,1295,True,124.0,0.068443,0.870109,False
650,2320.59,7583.298,0.765689,0.82082,85,03_A8A2,2.0,085_03_A8A2_2.0,4,7,855,True,472.0,0.080615,0.82082,False
1485,4254.607,6822.105,0.615896,0.555358,87,03_A8A2,1.0,087_03_A8A2_1.0,2,11,1495,True,1484.0,0.063713,0.555358,False
576,3164.938,7481.993,0.702737,0.647365,88,03_A8A2,2.0,088_03_A8A2_2.0,7,11,675,True,150.0,0.450892,0.647365,False
399,9260.323,3454.308,0.27168,0.511969,89,03_A8A2,1.0,089_03_A8A2_1.0,3,12,1045,True,384.0,0.048234,0.511969,False
1029,8461.487,2076.867,0.197077,0.511969,89,03_A8A2,1.0,089_03_A8A2_1.0,7,17,1045,True,613.0,0.048234,0.511969,False
675,2760.406,13006.809,0.824927,0.847055,90,03_A8A2,1.0,090_03_A8A2_1.0,2,6,680,True,674.0,0.076925,0.847055,False
219,6468.797,2676.9,0.292695,0.515995,93,03_A8A2,2.0,093_03_A8A2_2.0,2,31,350,True,218.0,0.012681,0.515995,False
1450,9338.583,5626.202,0.375963,0.535538,95,03_A8A2,2.0,095_03_A8A2_2.0,8,36,1560,True,580.0,0.062454,0.535538,False
784,10574.277,5132.02,0.326749,0.664654,97,03_A8A2,1.0,097_03_A8A2_1.0,2,2,785,True,783.0,0.009358,0.664654,False
1036,2641.459,8017.294,0.752179,0.857998,98,03_A8A2,2.0,098_03_A8A2_2.0,2,24,1060,True,1035.0,0.069806,0.857998,False
1699,3159.721,4355.402,0.579552,0.555722,99,03_A8A2,1.0,099_03_A8A2_1.0,2,7,1705,True,1698.0,0.000182,0.555722,False
809,598.252,33309.163,0.982356,0.983747,99,03_A8A2,2.0,099_03_A8A2_2.0,2,25,835,True,808.0,0.09721,0.983747,False
91,4040.601,14254.061,0.779138,0.743233,100,03_A8A2,1.0,100_03_A8A2_1.0,2,5,95,True,90.0,0.074417,0.743233,False
87,4044.439,7265.927,0.642413,0.703114,101,03_A8A2,1.0,101_03_A8A2_1.0,2,17,105,True,86.0,0.061962,0.703114,False
250,3203.958,13747.188,0.810989,0.926031,102,03_A8A2,2.0,102_03_A8A2_2.0,2,4,380,True,249.0,0.085085,0.926031,False
361,664.072,16308.478,0.960874,0.926031,102,03_A8A2,2.0,102_03_A8A2_2.0,4,20,380,True,107.0,0.085085,0.926031,False
395,707.692,6879.534,0.906726,0.921382,103,03_A8A2,2.0,103_03_A8A2_2.0,2,11,405,True,394.0,0.088752,0.921382,False
118,3495.423,6453.479,0.648662,0.625409,105,03_A8A2,2.0,105_03_A8A2_2.0,2,45,171,True,117.0,0.253688,0.625409,False
123,2816.026,6251.234,0.689429,0.659821,106,03_A8A2,2.0,106_03_A8A2_2.0,4,13,457,True,98.0,0.458846,0.659821,False
192,1301.652,1910.887,0.594821,0.766886,107,03_A8A2,2.0,107_03_A8A2_2.0,2,12,1355,True,191.0,0.071199,0.766886,False
659,1286.655,9136.329,0.876556,0.766886,107,03_A8A2,2.0,107_03_A8A2_2.0,7,18,1355,True,233.0,0.071199,0.766886,False
897,2363.535,8005.4,0.772056,0.657256,110,03_A8A2,2.0,110_03_A8A2_2.0,2,62,1125,True,896.0,0.038866,0.657256,False
1062,2717.736,5074.601,0.65123,0.657256,110,03_A8A2,2.0,110_03_A8A2_2.0,4,64,1125,True,103.0,0.038866,0.657256,False
78,-48.296,7632.008,1.006368,1.074667,111,03_A8A2,2.0,111_03_A8A2_2.0,2,3,80,True,77.0,0.044568,1.074667,False
268,1942.189,7010.733,0.783066,0.793369,114,03_A8A2,2.0,114_03_A8A2_2.0,2,18,285,True,267.0,0.089608,0.793369,False
322,6083.599,5082.775,0.455186,0.561527,116,03_A8A2,2.0,116_03_A8A2_2.0,2,14,335,True,321.0,0.108064,0.561527,False
79,4314.383,7688.77,0.640563,0.85788,117,03_A8A2,2.0,117_03_A8A2_2.0,2,2,80,True,78.0,0.094853,0.85788,False
799,3264.723,18248.028,0.848242,0.541254,119,03_A8A2,2.0,119_03_A8A2_2.0,2,5,825,True,798.0,0.023389,0.541254,False
55,924.028,12146.693,0.929306,0.775572,123,03_A8A2,2.0,123_03_A8A2_2.0,2,11,65,True,54.0,-0.003952,0.775572,False
410,993.145,7349.215,0.880952,0.935329,128,03_A8A2,2.0,128_03_A8A2_2.0,2,26,435,True,409.0,0.050733,0.935329,False
154,348.332,7126.305,0.953398,0.875739,138,03_A8A2,2.0,138_03_A8A2_2.0,6,6,510,True,59.0,0.181444,0.875739,False
243,1400.793,5521.206,0.797632,0.875739,138,03_A8A2,2.0,138_03_A8A2_2.0,12,3,510,True,51.0,0.181444,0.875739,False
365,375.276,6747.83,0.947316,0.875739,138,03_A8A2,2.0,138_03_A8A2_2.0,16,28,510,True,59.0,0.181444,0.875739,False
340,5504.439,8824.528,0.615852,0.537081,141,03_A8A2,2.0,141_03_A8A2_2.0,2,10,755,True,339.0,0.064018,0.537081,False
293,4612.286,4039.452,0.466895,0.631049,144,03_A8A2,2.0,144_03_A8A2_2.0,5,33,325,True,53.0,0.062669,0.631049,False
470,4752.898,4590.785,0.491325,0.570214,146,03_A8A2,2.0,146_03_A8A2_2.0,7,120,1791,True,108.0,0.27167,0.570214,False
1179,3727.28,5195.637,0.58228,0.570214,146,03_A8A2,2.0,146_03_A8A2_2.0,14,3,1791,True,91.0,0.27167,0.570214,False
157,6106.992,6454.515,0.513833,0.502075,161,03_A8A2,2.0,161_03_A8A2_2.0,6,51,466,True,64.0,0.310489,0.502075,False
149,5788.969,6694.682,0.536276,0.567147,164,03_A8A2,2.0,164_03_A8A2_2.0,3,34,1791,True,65.0,0.396215,0.567147,False
1748,6228.376,6025.37,0.491717,0.567147,164,03_A8A2,2.0,164_03_A8A2_2.0,14,39,1791,True,204.0,0.199564,0.567147,False
100,1590.551,3967.893,0.71385,0.714276,206,03_A8A2,2.0,206_03_A8A2_2.0,3,3,816,True,77.0,0.493722,0.714276,False
687,1185.503,3137.644,0.725778,0.887453,206,03_A8A2,2.0,206_03_A8A2_2.0,24,16,816,True,133.0,0.139409,0.887453,False
405,4476.45,4494.669,0.501015,0.726412,208,03_A8A2,2.0,208_03_A8A2_2.0,9,12,416,True,184.0,0.076414,0.726412,False
268,2233.762,4033.503,0.643583,0.686435,1,04_A8B1,1.0,001_04_A8B1_1.0,4,16,698,True,108.0,0.482353,0.686435,False
65,1892.026,6617.871,0.777668,0.728123,4,04_A8B1,1.0,004_04_A8B1_1.0,2,149,351,True,64.0,0.096839,0.728123,False
84,2066.608,5168.975,0.714383,0.677378,12,04_A8B1,1.0,012_04_A8B1_1.0,2,12,582,True,83.0,0.471938,0.677378,False
326,2439.439,3392.73,0.581727,0.677378,12,04_A8B1,1.0,012_04_A8B1_1.0,4,104,582,True,230.0,0.471938,0.677378,False
495,26.954,5829.2,0.995397,0.908775,12,04_A8B1,1.0,012_04_A8B1_1.0,6,55,582,True,65.0,0.471938,0.908775,False
100,1340.384,8230.289,0.859949,0.896162,52,04_A8B1,1.0,052_04_A8B1_1.0,5,5,131,True,54.0,0.009912,0.896162,False
94,2257.79,3560.084,0.611922,0.661032,65,04_A8B1,1.0,065_04_A8B1_1.0,2,16,479,True,93.0,0.440491,0.661032,False
199,932.199,2511.505,0.729304,0.661032,65,04_A8B1,1.0,065_04_A8B1_1.0,4,5,479,True,89.0,0.440491,0.661032,False
332,3644.221,4104.686,0.529712,0.547846,74,04_A8B1,1.0,074_04_A8B1_1.0,8,45,657,True,129.0,0.35291,0.547846,False
516,3350.519,3450.065,0.507319,0.547846,74,04_A8B1,1.0,074_04_A8B1_1.0,10,16,657,True,139.0,0.35291,0.547846,False
127,2928.405,5589.812,0.656219,0.650257,82,04_A8B1,1.0,082_04_A8B1_1.0,2,150,450,True,126.0,0.327776,0.650257,False
289,2368.64,4628.561,0.661488,0.652529,86,04_A8B1,1.0,086_04_A8B1_1.0,9,80,843,True,78.0,0.491796,0.652529,False
410,1758.251,2947.581,0.626368,0.60182,94,04_A8B1,1.0,094_04_A8B1_1.0,12,33,632,True,87.0,0.473114,0.60182,False
316,2672.71,3643.675,0.576861,0.576845,100,04_A8B1,1.0,100_04_A8B1_1.0,7,31,393,True,70.0,0.445357,0.576845,False
269,2372.201,2804.671,0.541769,0.610979,108,04_A8B1,1.0,108_04_A8B1_1.0,5,7,275,True,73.0,0.464599,0.610979,False
195,1643.926,5523.212,0.77063,0.7659,167,04_A8B1,1.0,167_04_A8B1_1.0,6,16,771,True,60.0,0.4315,0.7659,False
924,1279.922,7843.832,0.859715,0.728594,174,04_A8B1,1.0,174_04_A8B1_1.0,11,17,1124,True,71.0,0.487724,0.728594,False
138,3482.575,4683.646,0.573539,0.59881,183,04_A8B1,1.0,183_04_A8B1_1.0,2,23,954,True,137.0,0.462846,0.59881,False
343,3027.613,4850.444,0.61569,0.59881,183,04_A8B1,1.0,183_04_A8B1_1.0,6,45,954,True,131.0,0.462846,0.59881,False
727,2518.097,5314.309,0.678503,0.682706,187,04_A8B1,1.0,187_04_A8B1_1.0,13,22,782,True,190.0,0.480628,0.682706,False
578,2082.892,6174.706,0.747761,0.807689,196,04_A8B1,1.0,196_04_A8B1_1.0,2,54,631,True,577.0,0.0249,0.807689,False
201,3558.718,6737.804,0.654377,0.647678,201,04_A8B1,1.0,201_04_A8B1_1.0,2,23,223,True,200.0,0.383591,0.647678,False
120,2189.297,4809.507,0.68719,0.788279,227,04_A8B1,1.0,227_04_A8B1_1.0,2,14,180,True,119.0,0.462353,0.788279,False
152,1109.504,4073.456,0.785932,0.785764,233,04_A8B1,1.0,233_04_A8B1_1.0,2,76,227,True,151.0,0.460749,0.785764,False
106,2753.056,4802.107,0.635606,0.63005,241,04_A8B1,1.0,241_04_A8B1_1.0,2,10,368,True,105.0,0.325572,0.63005,False
212,2647.645,3514.326,0.570325,0.63005,241,04_A8B1,1.0,241_04_A8B1_1.0,4,71,368,True,96.0,0.325572,0.63005,False
219,3166.338,3529.486,0.527117,0.579457,266,04_A8B1,1.0,266_04_A8B1_1.0,3,22,609,True,191.0,0.434728,0.579457,False
428,2585.217,2905.671,0.529181,0.579457,266,04_A8B1,1.0,266_04_A8B1_1.0,7,26,609,True,126.0,0.434728,0.579457,False
243,1541.954,2839.26,0.648053,0.614707,277,04_A8B1,1.0,277_04_A8B1_1.0,6,32,1185,True,123.0,0.490173,0.614707,False
115,1354.883,1467.686,0.519982,0.613861,296,04_A8B1,1.0,296_04_A8B1_1.0,3,4,476,True,102.0,0.325099,0.613861,False
170,4095.836,4309.995,0.512739,0.613861,296,04_A8B1,1.0,296_04_A8B1_1.0,5,40,476,True,51.0,0.325099,0.613861,False
102,3230.048,4572.029,0.586002,0.680809,299,04_A8B1,1.0,299_04_A8B1_1.0,3,18,429,True,71.0,0.4669,0.680809,False
240,1966.76,6033.284,0.754156,0.680809,299,04_A8B1,1.0,299_04_A8B1_1.0,5,3,429,True,120.0,0.4669,0.680809,False
166,5449.424,1974.884,0.266002,0.61465,306,04_A8B1,1.0,306_04_A8B1_1.0,2,26,191,True,165.0,0.054735,0.61465,False
399,1738.43,5426.356,0.757365,0.781808,308,04_A8B1,1.0,308_04_A8B1_1.0,2,8,406,True,398.0,0.050526,0.781808,False
71,2996.874,7118.965,0.703744,0.72295,321,04_A8B1,1.0,321_04_A8B1_1.0,2,156,226,True,70.0,0.417319,0.72295,False
55,3388.489,8195.921,0.707496,0.632468,327,04_A8B1,1.0,327_04_A8B1_1.0,2,16,91,True,54.0,0.192168,0.632468,False
784,1647.116,7803.778,0.825719,0.637706,335,04_A8B1,1.0,335_04_A8B1_1.0,2,8,791,True,783.0,0.033008,0.637706,False
67,5244.897,5100.609,0.493027,0.51471,342,04_A8B1,1.0,342_04_A8B1_1.0,2,13,345,True,66.0,0.377189,0.51471,False
134,5767.161,5071.088,0.467888,0.51471,342,04_A8B1,1.0,342_04_A8B1_1.0,4,15,345,True,54.0,0.377189,0.51471,False
206,4704.227,5490.671,0.53857,0.51471,342,04_A8B1,1.0,342_04_A8B1_1.0,6,140,345,True,57.0,0.377189,0.51471,False
192,3272.428,1598.435,0.328163,0.518904,353,04_A8B1,1.0,353_04_A8B1_1.0,2,4,876,True,191.0,0.094832,0.518904,False
165,2304.444,2165.378,0.484444,0.530543,354,04_A8B1,1.0,354_04_A8B1_1.0,2,80,510,True,164.0,0.219073,0.530543,False
984,615.232,775.919,0.557754,0.634023,355,04_A8B1,1.0,355_04_A8B1_1.0,19,5,1122,True,93.0,0.482682,0.634023,False
1112,798.96,2192.972,0.732962,0.634023,355,04_A8B1,1.0,355_04_A8B1_1.0,23,7,1122,True,71.0,0.482682,0.634023,False
122,3148.731,2817.962,0.472282,0.506315,356,04_A8B1,1.0,356_04_A8B1_1.0,2,23,701,True,121.0,0.085106,0.506315,False
1270,1233.48,1713.823,0.581489,0.707657,357,04_A8B1,1.0,357_04_A8B1_1.0,19,71,1776,True,160.0,0.28177,0.707657,False
200,1006.883,6579.125,0.867271,0.842549,366,04_A8B1,1.0,366_04_A8B1_1.0,4,18,477,True,74.0,0.49039,0.842549,False
1032,1678.333,1558.135,0.481431,0.535615,369,04_A8B1,1.0,369_04_A8B1_1.0,39,11,1123,True,51.0,0.41578,0.535615,False
1475,-229.299,6044.359,1.039432,0.977479,374,04_A8B1,1.0,374_04_A8B1_1.0,10,2,1476,True,103.0,0.497084,0.977479,False
255,3292.322,3302.172,0.500747,0.559143,377,04_A8B1,1.0,377_04_A8B1_1.0,8,31,1655,True,171.0,0.381895,0.559143,False
176,2610.572,4863.738,0.650727,0.794312,386,04_A8B1,1.0,386_04_A8B1_1.0,2,2,226,True,175.0,0.10465,0.794312,False
1666,-442.603,5530.8,1.086986,0.994944,388,04_A8B1,1.0,388_04_A8B1_1.0,10,21,1686,True,67.0,0.023624,0.994944,False
1540,1915.151,4193.411,0.686481,0.644048,392,04_A8B1,1.0,392_04_A8B1_1.0,10,50,1776,True,117.0,0.223937,0.644048,False
1718,2099.109,4315.085,0.67274,0.644048,392,04_A8B1,1.0,392_04_A8B1_1.0,14,43,1776,True,79.0,0.223937,0.644048,False
206,5285.241,5778.847,0.522307,0.831247,422,04_A8B1,1.0,422_04_A8B1_1.0,2,1,241,True,205.0,0.049917,0.831247,False
1163,2665.42,4485.636,0.627269,0.635182,447,04_A8B1,1.0,447_04_A8B1_1.0,11,93,1406,True,52.0,0.426295,0.635182,False
851,1361.697,2136.304,0.610721,0.684015,456,04_A8B1,1.0,456_04_A8B1_1.0,21,5,1085,True,109.0,0.498084,0.684015,False
625,3209.43,4677.693,0.59308,0.605844,459,04_A8B1,1.0,459_04_A8B1_1.0,7,34,674,True,130.0,0.495543,0.605844,False
202,2489.921,3687.579,0.596937,0.581883,460,04_A8B1,1.0,460_04_A8B1_1.0,2,13,1173,True,201.0,0.48835,0.581883,False
